Dataset,Task,Metric,Activation,Avg_Score,Max_Score,Min_Score,Epochs_As_Best,Overall_Winner,Leader_Changes
simplelinear,Regression,R2,E,0.9899771354198456,0.9987981915473938,0.004280030727386475,209,E,40
simplelinear,Regression,R2,XER,0.9852354013919831,0.9988193511962891,0.04812586307525635,104,E,40
simplelinear,Regression,R2,R,0.9533827719688416,0.9987927079200745,-0.044635891914367676,0,E,40
simplelinear,Regression,R2,LR,0.975194211602211,0.9988017082214355,0.0066522955894470215,3,E,40
simplelinear,Regression,R2,PR,0.9852562290430069,0.9987736940383911,0.007367730140686035,7,E,40
simplelinear,Regression,R2,RR,0.9714430692195892,0.9985525608062744,-0.1007620096206665,0,E,40
simplelinear,Regression,R2,G,0.9786254317760468,0.9987913966178894,-0.016528964042663574,6,E,40
simplelinear,Regression,R2,S,0.966798610329628,0.9987843632698059,-0.016229987144470215,0,E,40
simplelinear,Regression,R2,C,0.9420635492801667,0.9986189603805542,-0.02449798583984375,0,E,40
simplelinear,Regression,R2,ELU,0.9787427282333374,0.9987881779670715,0.017162799835205078,0,E,40
simplelinear,Regression,R2,SELU,0.9833246765136718,0.9988065958023071,-0.0437546968460083,3,E,40
simplelinear,Regression,R2,T,0.9510306392908097,0.9987334609031677,0.047625064849853516,0,E,40
simplelinear,Regression,R2,HT,0.9579224030971527,0.9987813234329224,0.03726494312286377,0,E,40
simplelinear,Regression,R2,ST,0.9418046944141388,0.9987673759460449,-0.02579939365386963,0,E,40
simplelinear,Regression,R2,SS,-2.8281211853027344e-06,1.1920928955078125e-07,-0.0003752708435058594,0,E,40
simplelinear,Regression,R2,HS,0.9837404650449753,0.9987267255783081,-0.19107675552368164,10,E,40
simplelinear,Regression,R2,ReLU6,0.9716703435182571,0.9988150000572205,-0.03944540023803711,152,E,40
simplelinear,Regression,R2,Sw,0.9769483556747437,0.9987796545028687,-0.05523693561553955,5,E,40
simplelinear,Regression,R2,LgS,0.9768429040908814,0.9987847805023193,-0.021996021270751953,1,E,40
simplelinear,Regression,R2,Si,0.8642977828979492,0.9973847270011902,-0.02206587791442871,0,E,40
simplelinear,Regression,R2,Mish,0.9738702045679093,0.9987887144088745,-0.03874480724334717,0,E,40
simplelinear,Regression,R2,U,-4.745579047799111,0.8832109570503235,-2492.69970703125,0,E,40
quadratic,Regression,R2,E,0.8861440097093582,0.9325330257415771,-1.281708002090454,10,XER,13
quadratic,Regression,R2,XER,0.8939443249702453,0.9345405697822571,-1.3126435279846191,436,XER,13
quadratic,Regression,R2,R,0.837630430817604,0.9317747950553894,-1.232337474822998,0,XER,13
quadratic,Regression,R2,LR,0.8263561775684357,0.9315070509910583,-1.2179195880889893,0,XER,13
quadratic,Regression,R2,PR,0.8512277762889862,0.931846022605896,-1.1958069801330566,0,XER,13
quadratic,Regression,R2,RR,0.8473856090307236,0.9303338527679443,-1.277482271194458,0,XER,13
quadratic,Regression,R2,G,0.8360523308515548,0.93346107006073,-1.2589819431304932,0,XER,13
quadratic,Regression,R2,S,0.8677509982585907,0.9321067333221436,-1.2747085094451904,2,XER,13
quadratic,Regression,R2,C,0.8434310117959977,0.9333440065383911,-1.3549163341522217,0,XER,13
quadratic,Regression,R2,ELU,0.8390057764053345,0.9332742094993591,-1.2638466358184814,0,XER,13
quadratic,Regression,R2,SELU,0.8699605202674866,0.9341077208518982,-1.056858777999878,51,XER,13
quadratic,Regression,R2,T,-0.10678353595733643,-4.76837158203125e-06,-1.2118797302246094,0,XER,13
quadratic,Regression,R2,HT,-0.13230941367149354,0.0,-1.2973551750183105,0,XER,13
quadratic,Regression,R2,ST,0.012719384789466858,0.7288497090339661,-1.2348179817199707,0,XER,13
quadratic,Regression,R2,SS,0.7212260816097259,0.932908296585083,-1.2819383144378662,0,XER,13
quadratic,Regression,R2,HS,0.16099743592739105,0.2491101622581482,-1.2347803115844727,0,XER,13
quadratic,Regression,R2,ReLU6,-0.10519583332538605,5.960464477539063e-08,-1.2404334545135498,0,XER,13
quadratic,Regression,R2,Sw,0.8435602456331253,0.9322079420089722,-1.2247812747955322,0,XER,13
quadratic,Regression,R2,LgS,0.840507731795311,0.9311575293540955,-1.0464799404144287,0,XER,13
quadratic,Regression,R2,Si,-0.10166661894321441,4.76837158203125e-07,-0.9912641048431396,1,XER,13
quadratic,Regression,R2,Mish,0.8494835205078125,0.9324541687965393,-1.1835875511169434,0,XER,13
quadratic,Regression,R2,U,-673360476373.7896,-0.4616893529891968,-336680238186496.0,0,XER,13
cubic,Regression,R2,E,0.9419279443025589,0.9895938038825989,-0.0008168220520019531,55,G,42
cubic,Regression,R2,XER,0.9639357308149338,0.9894236922264099,0.0011565089225769043,150,G,42
cubic,Regression,R2,R,0.4888070623874664,0.5593812465667725,-0.0006583929061889648,0,G,42
cubic,Regression,R2,LR,0.9086118175983429,0.9893602728843689,-7.045269012451172e-05,0,G,42
cubic,Regression,R2,PR,0.9144333791732788,0.9893480539321899,0.00011146068572998047,0,G,42
cubic,Regression,R2,RR,0.9187153820991516,0.988705039024353,0.0005246996879577637,0,G,42
cubic,Regression,R2,G,0.9240716602802277,0.9897325038909912,-0.0002086162567138672,272,G,42
cubic,Regression,R2,S,0.9182798812389373,0.989463210105896,-0.0006464719772338867,0,G,42
cubic,Regression,R2,C,0.9216058535575866,0.9894248247146606,0.0043441057205200195,1,G,42
cubic,Regression,R2,ELU,0.9159111694097519,0.989639401435852,-0.0014325380325317383,15,G,42
cubic,Regression,R2,SELU,0.9246884233951569,0.9894692897796631,-0.008769392967224121,1,G,42
cubic,Regression,R2,T,0.24827267241477965,0.4291442036628723,0.001025557518005371,0,G,42
cubic,Regression,R2,HT,0.24525157177448273,0.425628125667572,-0.0014832019805908203,0,G,42
cubic,Regression,R2,ST,0.24257402169704437,0.4370056390762329,0.00015163421630859375,0,G,42
cubic,Regression,R2,SS,-5.213499069213867e-06,0.0,-0.00012791156768798828,0,G,42
cubic,Regression,R2,HS,0.8183694359064102,0.8430946469306946,-0.0017837285995483398,6,G,42
cubic,Regression,R2,ReLU6,0.3596823332309723,0.5254393815994263,-0.000780940055847168,0,G,42
cubic,Regression,R2,Sw,0.9193964624404907,0.9890055060386658,0.00013774633407592773,0,G,42
cubic,Regression,R2,LgS,0.9143265768289566,0.9890355467796326,-0.00010311603546142578,0,G,42
cubic,Regression,R2,Si,0.146537863612175,0.2677053213119507,-0.0003788471221923828,0,G,42
cubic,Regression,R2,Mish,0.9209470440149308,0.9894720315933228,-1.6450881958007812e-05,0,G,42
cubic,Regression,R2,U,-1.7513434736728668,0.5141130685806274,-983.3964233398438,0,G,42
quartic,Regression,R2,E,0.9102380087375641,0.9908128380775452,-0.18523764610290527,29,XER,58
quartic,Regression,R2,XER,0.9481472268104553,0.9909198880195618,-0.1929224729537964,350,XER,58
quartic,Regression,R2,R,0.8145214291810989,0.9893107414245605,-0.18824970722198486,0,XER,58
quartic,Regression,R2,LR,0.8121141045093536,0.9868762493133545,-0.1920078992843628,0,XER,58
quartic,Regression,R2,PR,0.8519846746921539,0.9770411849021912,-0.18751108646392822,0,XER,58
quartic,Regression,R2,RR,0.8301246113777161,0.9751450419425964,-0.18239963054656982,0,XER,58
quartic,Regression,R2,G,0.8832491674423217,0.9890565872192383,-0.18549978733062744,0,XER,58
quartic,Regression,R2,S,0.8683963173627853,0.9908232688903809,-0.18273937702178955,119,XER,58
quartic,Regression,R2,C,0.8537431869506836,0.990253210067749,-0.1897798776626587,1,XER,58
quartic,Regression,R2,ELU,0.8620179864168167,0.9835810661315918,-0.18817150592803955,0,XER,58
quartic,Regression,R2,SELU,0.8745017251968383,0.9900653958320618,-0.18681490421295166,0,XER,58
quartic,Regression,R2,T,-0.046485039353370665,0.06548631191253662,-0.1887112855911255,0,XER,58
quartic,Regression,R2,HT,-0.047063964009284975,0.06457197666168213,-0.18589425086975098,0,XER,58
quartic,Regression,R2,ST,-0.09807828569412232,-0.039713144302368164,-0.1857614517211914,0,XER,58
quartic,Regression,R2,SS,-0.16629996395111085,-0.1468963623046875,-0.18687868118286133,0,XER,58
quartic,Regression,R2,HS,0.29269718945026396,0.526357114315033,-0.18848741054534912,0,XER,58
quartic,Regression,R2,ReLU6,0.27111368787288664,0.5402133464813232,-0.18363463878631592,0,XER,58
quartic,Regression,R2,Sw,0.8364876279830933,0.9769831299781799,-0.18118023872375488,0,XER,58
quartic,Regression,R2,LgS,0.8561364629268646,0.9898421168327332,-0.1810908317565918,1,XER,58
quartic,Regression,R2,Si,-0.11458689618110657,-0.05798995494842529,-0.18883180618286133,0,XER,58
quartic,Regression,R2,Mish,-0.10808956027030944,-0.052309393882751465,-0.1850200891494751,0,XER,58
quartic,Regression,R2,U,0.15449938821792603,0.8905642628669739,-0.19084537029266357,0,XER,58
quintic,Regression,R2,E,0.8643976386785507,0.9854707717895508,-0.00016808509826660156,14,LR,25
quintic,Regression,R2,XER,0.9190768804550171,0.9865916967391968,-0.0008933544158935547,144,LR,25
quintic,Regression,R2,R,0.7806913546323776,0.9903085231781006,3.4570693969726562e-06,56,LR,25
quintic,Regression,R2,LR,0.7989069823026657,0.9906380772590637,-5.7220458984375e-06,283,LR,25
quintic,Regression,R2,PR,0.7767397158145904,0.9834848046302795,9.21487808227539e-05,0,LR,25
quintic,Regression,R2,RR,0.7562986909151077,0.968738317489624,-5.3763389587402344e-05,0,LR,25
quintic,Regression,R2,G,0.4530586210489273,0.5182281136512756,-4.4465065002441406e-05,0,LR,25
quintic,Regression,R2,S,0.5279962371587753,0.7181429266929626,2.199411392211914e-05,0,LR,25
quintic,Regression,R2,C,0.3799411041736603,0.43117618560791016,0.0001043081283569336,0,LR,25
quintic,Regression,R2,ELU,0.8363129606246948,0.9880388975143433,-6.091594696044922e-05,0,LR,25
quintic,Regression,R2,SELU,0.8609564409255982,0.9853739738464355,0.0002675056457519531,2,LR,25
quintic,Regression,R2,T,0.008666949510574342,0.012804567813873291,-1.633167266845703e-05,0,LR,25
quintic,Regression,R2,HT,0.03383687615394592,0.06004840135574341,0.0001723170280456543,0,LR,25
quintic,Regression,R2,ST,0.0083520667552948,0.012806594371795654,-4.482269287109375e-05,0,LR,25
quintic,Regression,R2,SS,0.7486265695095062,0.9885230660438538,-3.0279159545898438e-05,0,LR,25
quintic,Regression,R2,HS,0.23086561179161072,0.568745493888855,-0.012012124061584473,0,LR,25
quintic,Regression,R2,ReLU6,0.16884201300144194,0.3266322612762451,-3.421306610107422e-05,0,LR,25
quintic,Regression,R2,Sw,0.7543620287179947,0.9859417080879211,-6.198883056640625e-06,0,LR,25
quintic,Regression,R2,LgS,0.7298690733909607,0.9135819673538208,1.5914440155029297e-05,0,LR,25
quintic,Regression,R2,Si,0.01929883539676666,0.03580772876739502,-3.981590270996094e-05,0,LR,25
quintic,Regression,R2,Mish,0.8373649637699128,0.9868773221969604,-4.1484832763671875e-05,0,LR,25
quintic,Regression,R2,U,0.000289004921913147,0.1411045789718628,-1.728534698486328e-05,1,LR,25
sin,Regression,R2,E,0.9562925354242325,0.9818279147148132,-0.19485127925872803,0,XER,56
sin,Regression,R2,XER,0.9720838901996612,0.9841061234474182,-0.39985477924346924,357,XER,56
sin,Regression,R2,R,0.9397690335512161,0.9815158247947693,-0.020214319229125977,0,XER,56
sin,Regression,R2,LR,0.93560138463974,0.9822537899017334,-0.22525107860565186,0,XER,56
sin,Regression,R2,PR,0.9118960093259811,0.9810363054275513,-0.49074363708496094,0,XER,56
sin,Regression,R2,RR,0.9333383674621583,0.9810856580734253,-0.006421685218811035,1,XER,56
sin,Regression,R2,G,0.9360095125436783,0.9816780090332031,-0.33088207244873047,0,XER,56
sin,Regression,R2,S,0.9480382341146469,0.9822769165039062,-0.06092095375061035,0,XER,56
sin,Regression,R2,C,0.9560710705518722,0.9823818802833557,-0.08681941032409668,0,XER,56
sin,Regression,R2,ELU,0.9564812641143798,0.9826757311820984,-0.2074812650680542,0,XER,56
sin,Regression,R2,SELU,0.9379200921058655,0.9834933280944824,-1.295363187789917,0,XER,56
sin,Regression,R2,T,0.9613425153493881,0.9822297096252441,-0.05290555953979492,0,XER,56
sin,Regression,R2,HT,0.961474189043045,0.9837329983711243,-0.5434277057647705,132,XER,56
sin,Regression,R2,ST,0.9480283321142197,0.982900083065033,-0.17720437049865723,0,XER,56
sin,Regression,R2,SS,-0.011197401165962219,1.1920928955078125e-07,-0.34780561923980713,0,XER,56
sin,Regression,R2,HS,0.8159229900836945,0.9471657276153564,-0.145743727684021,0,XER,56
sin,Regression,R2,ReLU6,0.9017059177160263,0.983646810054779,-0.5118005275726318,10,XER,56
sin,Regression,R2,Sw,0.8988622895479202,0.977337121963501,-0.12958014011383057,0,XER,56
sin,Regression,R2,LgS,0.8396278829574585,0.9752100706100464,-0.2983297109603882,0,XER,56
sin,Regression,R2,Si,0.32981503987312316,0.5154589414596558,-0.1765909194946289,0,XER,56
sin,Regression,R2,Mish,0.9504946986436844,0.9822177886962891,-0.2562950849533081,0,XER,56
sin,Regression,R2,U,0.7939828013181687,0.9827032685279846,-0.1376934051513672,0,XER,56
cos,Regression,R2,E,0.9415111839771271,0.9774810075759888,-0.036989808082580566,0,XER,112
cos,Regression,R2,XER,0.9371636407375336,0.9780002236366272,-2.3425257205963135,242,XER,112
cos,Regression,R2,R,0.8616386076211929,0.9773209691047668,-0.6314207315444946,0,XER,112
cos,Regression,R2,LR,0.8211853919029236,0.977925181388855,-0.11488223075866699,75,XER,112
cos,Regression,R2,PR,0.9087439357042313,0.977949321269989,-0.5502821207046509,54,XER,112
cos,Regression,R2,RR,0.9256359201669693,0.9746674299240112,-0.0758516788482666,0,XER,112
cos,Regression,R2,G,0.9482763451337815,0.9768276810646057,-0.01007544994354248,35,XER,112
cos,Regression,R2,S,0.9289749088287353,0.9770138263702393,-0.4492168426513672,2,XER,112
cos,Regression,R2,C,0.9513329021930694,0.977249264717102,-0.07382476329803467,4,XER,112
cos,Regression,R2,ELU,0.9468947830200195,0.9771133065223694,-0.038602232933044434,5,XER,112
cos,Regression,R2,SELU,0.9420726952552796,0.9772722721099854,-0.29756855964660645,0,XER,112
cos,Regression,R2,T,0.9375968978404999,0.9769924283027649,-0.031812310218811035,1,XER,112
cos,Regression,R2,HT,0.9459011797904968,0.9780146479606628,-0.030300021171569824,47,XER,112
cos,Regression,R2,ST,0.8964976832866669,0.977428674697876,-0.604316234588623,0,XER,112
cos,Regression,R2,SS,-0.0008902491331100464,1.7881393432617188e-07,-0.06560862064361572,0,XER,112
cos,Regression,R2,HS,0.6301192866563797,0.7963910698890686,-0.7447243928909302,0,XER,112
cos,Regression,R2,ReLU6,0.9307441067695618,0.9778082966804504,-0.020426273345947266,34,XER,112
cos,Regression,R2,Sw,0.7094081333875656,0.9761055707931519,-2.137561559677124,0,XER,112
cos,Regression,R2,LgS,0.8614817050695419,0.9767342209815979,-0.25486254692077637,0,XER,112
cos,Regression,R2,Si,0.7410883182287216,0.9765506386756897,-0.3493272066116333,0,XER,112
cos,Regression,R2,Mish,0.9229247715473176,0.9768527746200562,-0.9275071620941162,0,XER,112
cos,Regression,R2,U,0.8529217901229859,0.9768097996711731,-0.010719537734985352,1,XER,112
tan,Regression,R2,E,0.9774611359834671,0.9969460964202881,0.01570183038711548,284,E,81
tan,Regression,R2,XER,0.9798358671665192,0.9961910843849182,-0.19414031505584717,79,E,81
tan,Regression,R2,R,0.8304816267490387,0.9628845453262329,-0.0058563947677612305,0,E,81
tan,Regression,R2,LR,0.9576343930959702,0.9968869686126709,-0.08681893348693848,26,E,81
tan,Regression,R2,PR,0.9602241630554199,0.9968685507774353,0.011398613452911377,6,E,81
tan,Regression,R2,RR,0.9572118973731994,0.9953403472900391,-0.009612679481506348,0,E,81
tan,Regression,R2,G,0.940966260433197,0.9964278340339661,-0.0510479211807251,0,E,81
tan,Regression,R2,S,0.9436046088933945,0.9967118501663208,-0.0081864595413208,0,E,81
tan,Regression,R2,C,0.9630022405385971,0.9967676997184753,0.010727107524871826,2,E,81
tan,Regression,R2,ELU,0.9629613591432571,0.9967676401138306,0.011648237705230713,60,E,81
tan,Regression,R2,SELU,0.9667777320146561,0.9968465566635132,0.04180717468261719,30,E,81
tan,Regression,R2,T,0.9418715778589248,0.9962522983551025,0.017391860485076904,0,E,81
tan,Regression,R2,HT,0.9505193115472793,0.9962860941886902,0.032207608222961426,0,E,81
tan,Regression,R2,ST,0.9252007346153259,0.9961709976196289,-0.011179089546203613,0,E,81
tan,Regression,R2,SS,-0.0005681556463241577,1.7881393432617188e-07,-0.026279330253601074,0,E,81
tan,Regression,R2,HS,0.952550850391388,0.9915000796318054,0.01669597625732422,2,E,81
tan,Regression,R2,ReLU6,0.9283084546327591,0.9966802000999451,-0.01948261260986328,0,E,81
tan,Regression,R2,Sw,0.9390251828432084,0.9967581033706665,-0.1450514793395996,0,E,81
tan,Regression,R2,LgS,0.9442497069835663,0.9967991709709167,-0.0968937873840332,11,E,81
tan,Regression,R2,Si,0.8369495536088943,0.9905145168304443,-0.010018229484558105,0,E,81
tan,Regression,R2,Mish,0.9028137979507447,0.9896612763404846,-0.10087347030639648,0,E,81
tan,Regression,R2,U,0.8772972748279572,0.9964803457260132,-0.9748772382736206,0,E,81
cot,Regression,R2,E,0.9381631067991256,0.9972227811813354,-0.05478513240814209,23,LR,124
cot,Regression,R2,XER,0.960312985777855,0.9966629147529602,0.0009580254554748535,120,LR,124
cot,Regression,R2,R,0.7553245322704315,0.9679475426673889,-0.019665002822875977,0,LR,124
cot,Regression,R2,LR,0.9164576703310012,0.9977129697799683,-0.002599954605102539,176,LR,124
cot,Regression,R2,PR,0.9420078815221786,0.9972125887870789,-0.004933595657348633,16,LR,124
cot,Regression,R2,RR,0.8936028547286987,0.9792612791061401,-0.007675051689147949,0,LR,124
cot,Regression,R2,G,0.8661211638450622,0.9749962687492371,-0.0026062726974487305,0,LR,124
cot,Regression,R2,S,0.9465778397321701,0.9960370063781738,-0.02263796329498291,21,LR,124
cot,Regression,R2,C,0.9284607821702957,0.9950034618377686,-0.003757476806640625,0,LR,124
cot,Regression,R2,ELU,0.9443439905643463,0.9966209530830383,-0.004385948181152344,0,LR,124
cot,Regression,R2,SELU,0.9434986590147019,0.9930452108383179,0.03757959604263306,8,LR,124
cot,Regression,R2,T,0.9179905713796616,0.9952324032783508,-0.010982751846313477,0,LR,124
cot,Regression,R2,HT,0.9243928148746491,0.9954648017883301,-0.019103169441223145,0,LR,124
cot,Regression,R2,ST,0.8890594803094863,0.9941632151603699,-0.04254281520843506,0,LR,124
cot,Regression,R2,SS,-1.4633417129516602e-05,5.960464477539063e-08,-0.0016112327575683594,0,LR,124
cot,Regression,R2,HS,-3.8519024848937986e-05,5.960464477539063e-08,-0.0034258365631103516,0,LR,124
cot,Regression,R2,ReLU6,0.8119785219430924,0.9569807052612305,-0.028624653816223145,0,LR,124
cot,Regression,R2,Sw,0.8668224358558655,0.9601824879646301,-0.0014576911926269531,0,LR,124
cot,Regression,R2,LgS,0.914046313405037,0.994422197341919,-0.022933244705200195,1,LR,124
cot,Regression,R2,Si,0.7850981501340866,0.9787479043006897,-0.016327857971191406,0,LR,124
cot,Regression,R2,Mish,0.9404675558805465,0.9974836111068726,-0.01960611343383789,135,LR,124
cot,Regression,R2,U,-40.58812110948563,0.44286972284317017,-20312.904296875,0,LR,124
sec,Regression,R2,E,0.9181670401096343,0.9913010001182556,-1.5740981101989746,278,E,71
sec,Regression,R2,XER,0.8997240751981735,0.9905489683151245,-6.611010551452637,38,E,71
sec,Regression,R2,R,0.8659105563163757,0.9911942481994629,-1.62945556640625,14,E,71
sec,Regression,R2,LR,0.8747710732221603,0.99112468957901,-2.9372763633728027,17,E,71
sec,Regression,R2,PR,0.9012769576311112,0.9910586476325989,-1.0931777954101562,2,E,71
sec,Regression,R2,RR,0.8051381590366363,0.9795436263084412,-2.5165069103240967,0,E,71
sec,Regression,R2,G,0.8519783025979996,0.9910646677017212,-2.14911150932312,0,E,71
sec,Regression,R2,S,0.832933847784996,0.990832507610321,-3.197843551635742,0,E,71
sec,Regression,R2,C,0.849676027417183,0.9912846684455872,-1.7673120498657227,141,E,71
sec,Regression,R2,ELU,0.7594809691905975,0.9909459352493286,-4.508652687072754,0,E,71
sec,Regression,R2,SELU,0.8469058068990707,0.9900681972503662,-3.0837178230285645,0,E,71
sec,Regression,R2,T,-0.016965009689331054,-1.609325408935547e-05,-1.435664176940918,0,E,71
sec,Regression,R2,HT,-0.06134980964660645,1.1920928955078125e-07,-4.605856895446777,0,E,71
sec,Regression,R2,ST,0.30424910390377047,0.9853383898735046,-1.6188082695007324,0,E,71
sec,Regression,R2,SS,-0.16004729723930358,1.1920928955078125e-07,-1.564044713973999,0,E,71
sec,Regression,R2,HS,-0.2582920970916748,-1.1920928955078125e-07,-2.142357110977173,0,E,71
sec,Regression,R2,ReLU6,-0.6682858452796936,-0.0002930164337158203,-4.624603271484375,0,E,71
sec,Regression,R2,Sw,0.8336785115003585,0.9907369613647461,-1.2311358451843262,4,E,71
sec,Regression,R2,LgS,0.656591530919075,0.9866650104522705,-5.521701812744141,0,E,71
sec,Regression,R2,Si,-0.034481507897377014,3.796815872192383e-05,-1.6058893203735352,0,E,71
sec,Regression,R2,Mish,0.8370524741411209,0.9911075234413147,-2.2158329486846924,6,E,71
sec,Regression,R2,U,0.09262220108509064,0.8246071338653564,-33.28862762451172,0,E,71
csc,Regression,R2,E,0.8364219441413879,0.9931730628013611,-2.1943464279174805,0,G,68
csc,Regression,R2,XER,0.8941382598876954,0.9834680557250977,-2.7060954570770264,96,G,68
csc,Regression,R2,R,0.7189521644115447,0.9932042360305786,-2.4411425590515137,0,G,68
csc,Regression,R2,LR,0.8538294531106949,0.9951697587966919,-1.3388619422912598,85,G,68
csc,Regression,R2,PR,0.82848581635952,0.9943989515304565,-1.56783127784729,4,G,68
csc,Regression,R2,RR,0.6872674915790558,0.9563124179840088,-2.2082817554473877,0,G,68
csc,Regression,R2,G,0.8379159088134766,0.9951990842819214,-2.0832231044769287,207,G,68
csc,Regression,R2,S,0.8105942568778992,0.9950348138809204,-1.5253119468688965,95,G,68
csc,Regression,R2,C,0.779500812292099,0.9934068918228149,-2.302685499191284,0,G,68
csc,Regression,R2,ELU,0.8462298240661621,0.9938593506813049,-1.0336287021636963,5,G,68
csc,Regression,R2,SELU,0.7004967820644379,0.9756465554237366,-2.6422386169433594,0,G,68
csc,Regression,R2,T,-0.044478478908538815,-1.5497207641601562e-05,-2.9002227783203125,0,G,68
csc,Regression,R2,HT,-0.04058798694610596,1.1920928955078125e-07,-2.2045555114746094,0,G,68
csc,Regression,R2,ST,0.5226732326745986,0.97925865650177,-1.157426357269287,0,G,68
csc,Regression,R2,SS,-0.25480241894721983,-2.574920654296875e-05,-1.6790721416473389,0,G,68
csc,Regression,R2,HS,0.6004401180744171,0.9415156841278076,-1.949018955230713,0,G,68
csc,Regression,R2,ReLU6,0.8151960946321487,0.994594931602478,-1.42958402633667,2,G,68
csc,Regression,R2,Sw,0.7844274160861969,0.9920706748962402,-1.4948270320892334,2,G,68
csc,Regression,R2,LgS,0.7850526568889618,0.9939098954200745,-1.6896069049835205,0,G,68
csc,Regression,R2,Si,-0.08735576105117798,0.0008516311645507812,-2.1534981727600098,0,G,68
csc,Regression,R2,Mish,0.8364350769519806,0.9948965907096863,-1.6611931324005127,4,G,68
csc,Regression,R2,U,-13190.535448978662,-0.06695044040679932,-6594975.5,0,G,68
cube_root,Regression,R2,E,0.9895415282249451,0.9964209198951721,0.47655725479125977,2,HT,69
cube_root,Regression,R2,XER,0.9883486260175705,0.9963765740394592,0.06260895729064941,30,HT,69
cube_root,Regression,R2,R,0.9622565615177154,0.9964696764945984,-0.015100479125976562,115,HT,69
cube_root,Regression,R2,LR,0.9655171887874603,0.9964523911476135,-0.004622220993041992,23,HT,69
cube_root,Regression,R2,PR,0.9764183819293976,0.9960523843765259,0.028575778007507324,0,HT,69
cube_root,Regression,R2,RR,0.9753592050075531,0.9954469203948975,0.0423542857170105,0,HT,69
cube_root,Regression,R2,G,0.9042427760362625,0.9959579706192017,-0.057794928550720215,0,HT,69
cube_root,Regression,R2,S,0.9792586395740509,0.9960756897926331,-0.0421748161315918,0,HT,69
cube_root,Regression,R2,C,0.9863916441202164,0.9960800409317017,-0.07457911968231201,1,HT,69
cube_root,Regression,R2,ELU,0.9897521567344666,0.9960348606109619,0.1281825304031372,7,HT,69
cube_root,Regression,R2,SELU,0.9932187497615814,0.9963112473487854,0.3357219099998474,32,HT,69
cube_root,Regression,R2,T,0.9780404170751572,0.9963197112083435,0.07090872526168823,0,HT,69
cube_root,Regression,R2,HT,0.9871864514350891,0.9964816570281982,-0.026452183723449707,279,HT,69
cube_root,Regression,R2,ST,0.9571087327003479,0.9962623119354248,-0.17097735404968262,0,HT,69
cube_root,Regression,R2,SS,0.9580212366580964,0.995721161365509,-0.009483695030212402,0,HT,69
cube_root,Regression,R2,HS,0.945512922167778,0.9653510451316833,-0.3449394702911377,0,HT,69
cube_root,Regression,R2,ReLU6,0.9806641705036163,0.9964550733566284,-0.007886648178100586,11,HT,69
cube_root,Regression,R2,Sw,0.9737881878614426,0.9959602952003479,0.00041961669921875,0,HT,69
cube_root,Regression,R2,LgS,0.9788777775764466,0.9960916638374329,0.013020694255828857,0,HT,69
cube_root,Regression,R2,Si,0.9008533052206039,0.9958293437957764,-0.09048271179199219,0,HT,69
cube_root,Regression,R2,Mish,0.9670427734851837,0.9961828589439392,0.034284770488739014,0,HT,69
cube_root,Regression,R2,U,-3309.203931796789,0.015951991081237793,-1654601.375,0,HT,69
reciprocal,Regression,R2,E,0.8712400605678559,0.9932769536972046,-0.08870244026184082,0,G,19
reciprocal,Regression,R2,XER,0.9294722466468811,0.9943047761917114,-0.5435235500335693,50,G,19
reciprocal,Regression,R2,R,0.8527967002391815,0.992018461227417,-0.15945446491241455,0,G,19
reciprocal,Regression,R2,LR,0.8102352398633957,0.9904112815856934,-0.027309656143188477,0,G,19
reciprocal,Regression,R2,PR,0.8616837911605835,0.9761572480201721,-0.016834616661071777,0,G,19
reciprocal,Regression,R2,RR,0.7449945175647735,0.9337465763092041,-0.047794342041015625,0,G,19
reciprocal,Regression,R2,G,0.9221008480787277,0.9960111379623413,-0.0976712703704834,397,G,19
reciprocal,Regression,R2,S,0.9159990375041962,0.9936697483062744,-0.024702787399291992,0,G,19
reciprocal,Regression,R2,C,0.9345512294769287,0.9942336678504944,-0.02643609046936035,50,G,19
reciprocal,Regression,R2,ELU,0.9007996042966843,0.9909318685531616,-0.0899742841720581,0,G,19
reciprocal,Regression,R2,SELU,0.938878131389618,0.9942817687988281,0.033083319664001465,3,G,19
reciprocal,Regression,R2,T,0.8888505686521531,0.9940005540847778,-0.02499854564666748,0,G,19
reciprocal,Regression,R2,HT,0.8988734052181244,0.9922722578048706,-0.00873422622680664,0,G,19
reciprocal,Regression,R2,ST,0.746712156534195,0.9913246631622314,-0.07116234302520752,0,G,19
reciprocal,Regression,R2,SS,-3.335607051849365e-05,5.960464477539063e-08,-0.0036667585372924805,0,G,19
reciprocal,Regression,R2,HS,0.33968553578853605,0.5824264287948608,-4.782341957092285,0,G,19
reciprocal,Regression,R2,ReLU6,0.9023660950660706,0.9948487281799316,-0.03786468505859375,0,G,19
reciprocal,Regression,R2,Sw,0.8971383829116821,0.9944803714752197,-0.005402088165283203,0,G,19
reciprocal,Regression,R2,LgS,0.904360305428505,0.9950246214866638,-0.023322343826293945,0,G,19
reciprocal,Regression,R2,Si,0.2780063766241074,0.3014568090438843,-0.004830479621887207,0,G,19
reciprocal,Regression,R2,Mish,0.9401282695531845,0.9942137598991394,0.01444387435913086,0,G,19
reciprocal,Regression,R2,U,0.715145654797554,0.9941775798797607,-0.003935337066650391,0,G,19
abs,Regression,R2,E,0.9437402960062027,0.9949928522109985,-2.756404161453247,7,SELU,56
abs,Regression,R2,XER,0.9524050664901733,0.9951618313789368,-4.640781879425049,164,SELU,56
abs,Regression,R2,R,0.9036372973918915,0.9949535131454468,-2.4551172256469727,0,SELU,56
abs,Regression,R2,LR,0.9330267400741578,0.9949886798858643,-2.1826889514923096,2,SELU,56
abs,Regression,R2,PR,0.9057582508325577,0.9948749542236328,-4.408243179321289,0,SELU,56
abs,Regression,R2,RR,0.9086015124320984,0.9933955073356628,-2.0746066570281982,0,SELU,56
abs,Regression,R2,G,0.9465106147527694,0.9945955276489258,-2.655611038208008,4,SELU,56
abs,Regression,R2,S,0.925325312256813,0.9949354529380798,-2.9868345260620117,0,SELU,56
abs,Regression,R2,C,0.8526927618980408,0.9949384331703186,-3.7190871238708496,0,SELU,56
abs,Regression,R2,ELU,0.8957457154989242,0.9949053525924683,-3.33096981048584,0,SELU,56
abs,Regression,R2,SELU,0.961828737616539,0.9951352477073669,-2.5313408374786377,296,SELU,56
abs,Regression,R2,T,-0.05630745315551758,-2.1696090698242188e-05,-2.7914271354675293,0,SELU,56
abs,Regression,R2,HT,-0.08487825107574463,0.0,-3.8866114616394043,0,SELU,56
abs,Regression,R2,ST,0.6295376615524292,0.9951610565185547,-2.07989764213562,26,SELU,56
abs,Regression,R2,SS,-0.4714720392227173,-0.0007408857345581055,-2.560359477996826,0,SELU,56
abs,Regression,R2,HS,0.41449650597572324,0.5435833930969238,-2.024312973022461,1,SELU,56
abs,Regression,R2,ReLU6,0.921916808128357,0.9945116639137268,-2.3178627490997314,0,SELU,56
abs,Regression,R2,Sw,0.7457412118911744,0.9946794509887695,-4.593369960784912,0,SELU,56
abs,Regression,R2,LgS,0.913536333322525,0.9946724772453308,-2.1020467281341553,0,SELU,56
abs,Regression,R2,Si,0.03937417197227478,0.9496530294418335,-2.8907904624938965,0,SELU,56
abs,Regression,R2,Mish,0.9139150507450103,0.994733452796936,-3.021228790283203,0,SELU,56
abs,Regression,R2,U,0.6921166886091232,0.9780452847480774,-2.426835536956787,0,SELU,56
gaussian,Regression,R2,E,0.8836670932769776,0.914752721786499,-0.43120765686035156,2,XER,18
gaussian,Regression,R2,XER,0.7197069648504257,0.9171596169471741,-22.424293518066406,367,XER,18
gaussian,Regression,R2,R,0.8950675557851792,0.9161343574523926,-0.07889580726623535,0,XER,18
gaussian,Regression,R2,LR,0.8479745413064956,0.9146849513053894,-1.8005659580230713,6,XER,18
gaussian,Regression,R2,PR,0.8767690114974975,0.9156796336174011,-0.1339881420135498,36,XER,18
gaussian,Regression,R2,RR,0.7554529350996018,0.9036903381347656,-3.22874116897583,0,XER,18
gaussian,Regression,R2,G,0.8935149250030517,0.9140666723251343,-0.03452932834625244,1,XER,18
gaussian,Regression,R2,S,0.8895187646150589,0.9138898253440857,-0.05936229228973389,0,XER,18
gaussian,Regression,R2,C,0.8922534415721893,0.9140024781227112,-0.17465496063232422,5,XER,18
gaussian,Regression,R2,ELU,0.8608866027593612,0.9138023257255554,-2.130206823348999,0,XER,18
gaussian,Regression,R2,SELU,0.8832731193304062,0.9141069650650024,-2.0415380001068115,1,XER,18
gaussian,Regression,R2,T,0.8902374826669693,0.913255512714386,-0.448276162147522,0,XER,18
gaussian,Regression,R2,HT,0.8927002946138382,0.9151261448860168,-0.9619497060775757,3,XER,18
gaussian,Regression,R2,ST,0.8610105644464493,0.912977397441864,-1.4466829299926758,0,XER,18
gaussian,Regression,R2,SS,-0.008745445728302001,0.0,-0.5029829740524292,0,XER,18
gaussian,Regression,R2,HS,0.42097211933135986,0.6678398847579956,-2.1504461765289307,0,XER,18
gaussian,Regression,R2,ReLU6,0.8960375952720642,0.9155493974685669,-0.17257225513458252,5,XER,18
gaussian,Regression,R2,Sw,-0.058736932516098024,-3.0040740966796875e-05,-6.930935382843018,0,XER,18
gaussian,Regression,R2,LgS,0.8240263310670852,0.9131219983100891,-1.535125494003296,0,XER,18
gaussian,Regression,R2,Si,0.6249803174734115,0.9126988649368286,-1.7356905937194824,0,XER,18
gaussian,Regression,R2,Mish,0.8989215990304947,0.9139692783355713,-0.08818912506103516,74,XER,18
gaussian,Regression,R2,U,-0.026395889282226564,0.782720685005188,-1.827293872833252,0,XER,18
sigmoid,Regression,R2,E,0.9372787489891052,0.9511017203330994,-0.857498288154602,0,XER,26
sigmoid,Regression,R2,XER,0.9371414386034012,0.9524690508842468,-1.2294659614562988,456,XER,26
sigmoid,Regression,R2,R,0.9272133338451386,0.952037513256073,-0.10307109355926514,0,XER,26
sigmoid,Regression,R2,LR,0.8973143280744552,0.9520270824432373,-2.2786648273468018,0,XER,26
sigmoid,Regression,R2,PR,0.9100153638124466,0.9514505863189697,-1.5964655876159668,0,XER,26
sigmoid,Regression,R2,RR,0.8410646286010742,0.9515770673751831,-6.276733875274658,0,XER,26
sigmoid,Regression,R2,G,0.9405795023441315,0.9513981938362122,-0.024030447006225586,2,XER,26
sigmoid,Regression,R2,S,0.924270970582962,0.9507142305374146,-1.8502938747406006,0,XER,26
sigmoid,Regression,R2,C,0.9385683714151383,0.9506012797355652,-0.1515580415725708,3,XER,26
sigmoid,Regression,R2,ELU,0.9250362994670868,0.9505056738853455,-2.2189600467681885,1,XER,26
sigmoid,Regression,R2,SELU,0.9268024218082428,0.9509753584861755,-4.0010175704956055,14,XER,26
sigmoid,Regression,R2,T,0.9447387883663177,0.9507370591163635,-0.20494353771209717,20,XER,26
sigmoid,Regression,R2,HT,0.9329959834814072,0.9519081115722656,-1.7890887260437012,0,XER,26
sigmoid,Regression,R2,ST,0.9385116585493087,0.9510354995727539,-0.19364845752716064,2,XER,26
sigmoid,Regression,R2,SS,-0.09635662937164306,1.1920928955078125e-07,-2.0894181728363037,0,XER,26
sigmoid,Regression,R2,HS,0.8612252235412597,0.9357267618179321,-2.8594253063201904,0,XER,26
sigmoid,Regression,R2,ReLU6,0.9415481363534928,0.9519516229629517,-0.19800341129302979,0,XER,26
sigmoid,Regression,R2,Sw,0.8824929406642914,0.9503547549247742,-6.568112850189209,0,XER,26
sigmoid,Regression,R2,LgS,0.8740480211973191,0.9504522085189819,-5.108757972717285,0,XER,26
sigmoid,Regression,R2,Si,0.8160576796531678,0.9506068229675293,-1.3777542114257812,0,XER,26
sigmoid,Regression,R2,Mish,0.9330058643817901,0.9511843919754028,-0.9160163402557373,2,XER,26
sigmoid,Regression,R2,U,-5.380511903918449e+20,0.15937310457229614,-1.9888272005036996e+22,0,XER,26
relu,Regression,R2,E,0.9901637513637542,0.9972153306007385,-0.20554709434509277,87,XER,48
relu,Regression,R2,XER,0.9852642815113067,0.997294008731842,-0.8712375164031982,379,XER,48
relu,Regression,R2,R,0.9523165997266769,0.9972188472747803,-0.9137589931488037,1,XER,48
relu,Regression,R2,LR,0.8838394792079926,0.9972464442253113,-0.550437331199646,9,XER,48
relu,Regression,R2,PR,0.966796172618866,0.9971498250961304,-0.8950419425964355,0,XER,48
relu,Regression,R2,RR,0.9827120065689087,0.9971939921379089,-0.4180690050125122,4,XER,48
relu,Regression,R2,G,0.9616456063985824,0.9972109794616699,-0.5854513645172119,11,XER,48
relu,Regression,R2,S,0.7056560052633285,0.983058512210846,-0.7256385087966919,0,XER,48
relu,Regression,R2,C,0.9681637029647827,0.9971925616264343,-0.8969106674194336,0,XER,48
relu,Regression,R2,ELU,0.969878953576088,0.997178316116333,-0.8538825511932373,0,XER,48
relu,Regression,R2,SELU,0.9788884851932526,0.9971888661384583,-1.1337449550628662,1,XER,48
relu,Regression,R2,T,0.9275122184753418,0.997073769569397,-0.6257498264312744,0,XER,48
relu,Regression,R2,HT,0.9195209603309631,0.9971597194671631,-0.6547055244445801,0,XER,48
relu,Regression,R2,ST,0.8569643276929856,0.9969392418861389,-0.9328587055206299,0,XER,48
relu,Regression,R2,SS,-0.02092124855518341,5.960464477539063e-08,-0.26876235008239746,0,XER,48
relu,Regression,R2,HS,0.8590637962818146,0.8900384902954102,-0.6524519920349121,0,XER,48
relu,Regression,R2,ReLU6,0.9560849062204361,0.9970913529396057,-1.128951072692871,0,XER,48
relu,Regression,R2,Sw,0.9619320611953736,0.9971092939376831,-0.8888454437255859,0,XER,48
relu,Regression,R2,LgS,0.9575448017120362,0.9971394538879395,-0.8171031475067139,0,XER,48
relu,Regression,R2,Si,0.8645806602239609,0.9969619512557983,-0.19819140434265137,1,XER,48
relu,Regression,R2,Mish,0.9799901657104492,0.9971380233764648,-0.4080049991607666,7,XER,48
relu,Regression,R2,U,0.7160759352445603,0.9944698810577393,-2.8121752738952637,0,XER,48
tanh,Regression,R2,E,0.9769191755056381,0.9883846044540405,0.05546379089355469,3,LR,61
tanh,Regression,R2,XER,0.9815087745189667,0.9886208176612854,-0.28860461711883545,148,LR,61
tanh,Regression,R2,R,0.9096020399332047,0.9886663556098938,-0.08390319347381592,78,LR,61
tanh,Regression,R2,LR,0.9522616003751755,0.9885645508766174,-0.18753302097320557,177,LR,61
tanh,Regression,R2,PR,0.9700230449438095,0.9884454607963562,-0.007572174072265625,0,LR,61
tanh,Regression,R2,RR,0.9662811585664749,0.9884610176086426,-0.11767411231994629,0,LR,61
tanh,Regression,R2,G,0.9768115606307983,0.9883392453193665,0.0547480583190918,0,LR,61
tanh,Regression,R2,S,0.9559855673313141,0.9882540702819824,-0.11686241626739502,0,LR,61
tanh,Regression,R2,C,0.9805395171642304,0.9881393313407898,-0.011901378631591797,1,LR,61
tanh,Regression,R2,ELU,0.9805235080718994,0.988209068775177,-0.19409525394439697,6,LR,61
tanh,Regression,R2,SELU,0.9828092740774155,0.9883902072906494,-0.2544999122619629,8,LR,61
tanh,Regression,R2,T,0.9723501561880111,0.9882209300994873,-0.09679412841796875,3,LR,61
tanh,Regression,R2,HT,0.975202850818634,0.9885547757148743,-0.41726863384246826,48,LR,61
tanh,Regression,R2,ST,0.9672284612655639,0.9883294105529785,-0.19214320182800293,0,LR,61
tanh,Regression,R2,SS,0.9465787916183471,0.9876952171325684,-0.07924771308898926,0,LR,61
tanh,Regression,R2,HS,0.908202450633049,0.9337573647499084,0.03617936372756958,0,LR,61
tanh,Regression,R2,ReLU6,0.9736346206665039,0.9885910749435425,0.017255067825317383,28,LR,61
tanh,Regression,R2,Sw,0.964964902639389,0.9881033897399902,-0.20610177516937256,0,LR,61
tanh,Regression,R2,LgS,0.9673038330078125,0.9880524277687073,-0.04010474681854248,0,LR,61
tanh,Regression,R2,Si,0.9208888652324676,0.9881888031959534,-0.019024133682250977,0,LR,61
tanh,Regression,R2,Mish,0.96827427983284,0.9882028102874756,-0.18817508220672607,0,LR,61
tanh,Regression,R2,U,0.0015312931537628173,0.3586444854736328,-0.12718260288238525,0,LR,61
log,Regression,R2,E,0.955046002984047,0.9858526587486267,-1.031374454498291,1,ReLU6,71
log,Regression,R2,XER,0.973734566450119,0.9862380027770996,-1.1122486591339111,153,ReLU6,71
log,Regression,R2,R,0.9299470863342285,0.9861416816711426,-0.2887742519378662,32,ReLU6,71
log,Regression,R2,LR,0.9568052092790603,0.9860670566558838,-0.2872570753097534,0,ReLU6,71
log,Regression,R2,PR,0.9529178828001023,0.9860743880271912,-0.3373316526412964,0,ReLU6,71
log,Regression,R2,RR,0.929179927945137,0.9854552149772644,-0.6026173830032349,0,ReLU6,71
log,Regression,R2,G,0.9414001317024231,0.9855157136917114,-0.3314168453216553,0,ReLU6,71
log,Regression,R2,S,0.9262128889560699,0.9854453206062317,-1.6119422912597656,0,ReLU6,71
log,Regression,R2,C,0.9653367786407471,0.985481321811676,-0.14500343799591064,0,ReLU6,71
log,Regression,R2,ELU,0.9481681965589523,0.9856153726577759,-2.1261978149414062,0,ReLU6,71
log,Regression,R2,SELU,0.9705431959629058,0.9859111905097961,-0.7928723096847534,6,ReLU6,71
log,Regression,R2,T,0.9419438499212265,0.9852631688117981,-1.3710768222808838,0,ReLU6,71
log,Regression,R2,HT,0.9650064342021942,0.9861963987350464,-0.06897008419036865,26,ReLU6,71
log,Regression,R2,ST,0.912230140209198,0.985633373260498,-1.7090656757354736,0,ReLU6,71
log,Regression,R2,SS,-0.026989820957183837,1.1920928955078125e-07,-0.5693773031234741,0,ReLU6,71
log,Regression,R2,HS,0.9042485438585282,0.969131350517273,-1.5185139179229736,1,ReLU6,71
log,Regression,R2,ReLU6,0.9631225225925446,0.9862515330314636,-0.23022723197937012,281,ReLU6,71
log,Regression,R2,Sw,0.8680675361156464,0.985354483127594,-2.216264009475708,0,ReLU6,71
log,Regression,R2,LgS,0.923124752163887,0.9849776029586792,-1.2153701782226562,0,ReLU6,71
log,Regression,R2,Si,0.7054805386066437,0.9847722053527832,-1.0436921119689941,0,ReLU6,71
log,Regression,R2,Mish,0.9486762073040008,0.985417366027832,-1.4588782787322998,0,ReLU6,71
log,Regression,R2,U,0.5458122311830521,0.9764832854270935,-9.70302677154541,0,ReLU6,71
exp,Regression,R2,E,0.9440656105279922,0.9584127068519592,-1.1173522472381592,84,HT,71
exp,Regression,R2,XER,0.8933908320665359,0.9584118723869324,-8.92119026184082,0,HT,71
exp,Regression,R2,R,0.9354969604015351,0.9583544135093689,0.02081376314163208,3,HT,71
exp,Regression,R2,LR,0.9387562112808228,0.9585887789726257,0.013571739196777344,117,HT,71
exp,Regression,R2,PR,0.9303905822038651,0.9584708213806152,-1.2156977653503418,44,HT,71
exp,Regression,R2,RR,0.9232754800319671,0.9588148593902588,-0.18151652812957764,2,HT,71
exp,Regression,R2,G,0.9377162648439408,0.9580885767936707,-0.12164092063903809,0,HT,71
exp,Regression,R2,S,0.9117196682691574,0.9573923349380493,-1.7469096183776855,0,HT,71
exp,Regression,R2,C,0.9165824575424194,0.9582120180130005,-1.6284403800964355,0,HT,71
exp,Regression,R2,ELU,0.9358590792417526,0.9580084085464478,-1.2657206058502197,0,HT,71
exp,Regression,R2,SELU,0.9200232286453247,0.9575884938240051,-2.689537763595581,0,HT,71
exp,Regression,R2,T,0.9002430729866028,0.9579773545265198,-1.6717360019683838,0,HT,71
exp,Regression,R2,HT,0.9447192376852036,0.9585657119750977,-0.06189239025115967,248,HT,71
exp,Regression,R2,ST,0.9286249431371689,0.9582682847976685,-0.14669811725616455,0,HT,71
exp,Regression,R2,SS,-0.16248181235790252,1.7881393432617188e-07,-2.680928945541382,0,HT,71
exp,Regression,R2,HS,0.8655511578321456,0.9530566930770874,-2.288646697998047,0,HT,71
exp,Regression,R2,ReLU6,0.9165625895261764,0.9583046436309814,-1.150984287261963,0,HT,71
exp,Regression,R2,Sw,0.9249384095668792,0.9576219320297241,-0.49295473098754883,0,HT,71
exp,Regression,R2,LgS,0.9304988368749618,0.9577754735946655,-0.5841540098190308,0,HT,71
exp,Regression,R2,Si,0.8962088441848755,0.9575778245925903,-0.01931142807006836,0,HT,71
exp,Regression,R2,Mish,0.9401953954696656,0.958064615726471,-0.029995203018188477,2,HT,71
exp,Regression,R2,U,0.787839691400528,0.9575627446174622,-2.441033124923706,0,HT,71
sawtooth,Regression,R2,E,0.823182161808014,0.9613572359085083,-0.44760656356811523,0,HT,62
sawtooth,Regression,R2,XER,0.8487449312210082,0.9607957601547241,-2.7120673656463623,1,HT,62
sawtooth,Regression,R2,R,0.21042671239376068,0.23306065797805786,-0.13966846466064453,0,HT,62
sawtooth,Regression,R2,LR,0.8638146811723709,0.9680298566818237,-0.27636492252349854,53,HT,62
sawtooth,Regression,R2,PR,0.8460392113924027,0.9626885652542114,-0.7499328851699829,0,HT,62
sawtooth,Regression,R2,RR,0.6777362899780274,0.8885798454284668,-1.1927454471588135,0,HT,62
sawtooth,Regression,R2,G,0.8674537992477417,0.9592297077178955,-0.5469831228256226,0,HT,62
sawtooth,Regression,R2,S,0.8627344617843627,0.9588998556137085,-0.3659946918487549,0,HT,62
sawtooth,Regression,R2,C,0.857308877825737,0.9556092619895935,-0.08530735969543457,0,HT,62
sawtooth,Regression,R2,ELU,0.8254203535318375,0.9536820650100708,-0.39086806774139404,0,HT,62
sawtooth,Regression,R2,SELU,0.8411297378540039,0.9520153403282166,-1.1417105197906494,0,HT,62
sawtooth,Regression,R2,T,0.8794628736972809,0.9694916009902954,-0.2838912010192871,67,HT,62
sawtooth,Regression,R2,HT,0.8967630406618118,0.9670937657356262,-0.24345779418945312,175,HT,62
sawtooth,Regression,R2,ST,0.8257622053623199,0.9652220606803894,-0.13632607460021973,15,HT,62
sawtooth,Regression,R2,SS,-0.013998326063156128,2.384185791015625e-07,-0.47341692447662354,0,HT,62
sawtooth,Regression,R2,HS,0.5146141586303711,0.8024541735649109,-0.10407590866088867,0,HT,62
sawtooth,Regression,R2,ReLU6,0.8682950456142425,0.9670578241348267,-0.07247757911682129,148,HT,62
sawtooth,Regression,R2,Sw,0.7355951776504517,0.9439162015914917,-0.3121187686920166,0,HT,62
sawtooth,Regression,R2,LgS,0.05899888157844543,0.3035793900489807,-1.4227428436279297,0,HT,62
sawtooth,Regression,R2,Si,0.10348401522636413,0.2285258173942566,-2.285878896713257,0,HT,62
sawtooth,Regression,R2,Mish,0.8919034560918808,0.9601550698280334,0.013057827949523926,41,HT,62
sawtooth,Regression,R2,U,0.018165571570396423,0.11754852533340454,-0.012769341468811035,0,HT,62
step,Regression,R2,E,0.9747596178054809,0.9909111857414246,0.5212715268135071,4,LR,20
step,Regression,R2,XER,0.9756708644628524,0.9906773567199707,-0.9725877046585083,94,LR,20
step,Regression,R2,R,0.9275775079727173,0.9911742806434631,-1.1057026386260986,146,LR,20
step,Regression,R2,LR,0.9604855735301971,0.9909213185310364,-0.18057286739349365,254,LR,20
step,Regression,R2,PR,0.8291271336078644,0.9789451956748962,-4.927342414855957,0,LR,20
step,Regression,R2,RR,0.9161909148693085,0.9815462231636047,-2.0029070377349854,0,LR,20
step,Regression,R2,G,0.957030147075653,0.9898210763931274,-0.15184247493743896,0,LR,20
step,Regression,R2,S,0.9238316713571548,0.9884932637214661,-2.3830223083496094,0,LR,20
step,Regression,R2,C,0.9708284882307052,0.9897235631942749,-0.48631417751312256,1,LR,20
step,Regression,R2,ELU,0.9416381467580796,0.9882042407989502,-2.7331185340881348,0,LR,20
step,Regression,R2,SELU,0.967199837565422,0.9873196482658386,-1.0759894847869873,1,LR,20
step,Regression,R2,T,0.9606901791095733,0.989724338054657,-1.4987719058990479,0,LR,20
step,Regression,R2,HT,0.9551991415023804,0.9894087314605713,-2.2036936283111572,0,LR,20
step,Regression,R2,ST,0.9601308097839355,0.9902297258377075,-1.0791442394256592,0,LR,20
step,Regression,R2,SS,-0.16271435952186583,1.7881393432617188e-07,-2.6311607360839844,0,LR,20
step,Regression,R2,HS,0.9260833063125611,0.9701245427131653,-0.4010366201400757,0,LR,20
step,Regression,R2,ReLU6,0.970174739599228,0.9897449612617493,-0.03165543079376221,0,LR,20
step,Regression,R2,Sw,0.9308023320436478,0.9886182546615601,-1.476654052734375,0,LR,20
step,Regression,R2,LgS,0.9397304816246033,0.9887915849685669,-0.4869464635848999,0,LR,20
step,Regression,R2,Si,0.8572643651962281,0.9869239926338196,-0.9708847999572754,0,LR,20
step,Regression,R2,Mish,0.966152606844902,0.9889440536499023,-0.6861027479171753,0,LR,20
step,Regression,R2,U,-29142.387799107193,0.634416937828064,-14571240.0,0,LR,20
exponential_decay,Regression,R2,E,0.02679159152507782,0.13585501909255981,-0.08843982219696045,8,SELU,115
exponential_decay,Regression,R2,XER,0.030318387389183046,0.09989029169082642,-0.40619075298309326,61,SELU,115
exponential_decay,Regression,R2,R,0.02342598569393158,0.04732656478881836,-1.4066696166992188e-05,0,SELU,115
exponential_decay,Regression,R2,LR,0.09716667437553406,0.2391040325164795,-1.5497207641601562e-06,0,SELU,115
exponential_decay,Regression,R2,PR,0.10711317300796509,0.28150027990341187,-4.494190216064453e-05,0,SELU,115
exponential_decay,Regression,R2,RR,0.04090854895114899,0.11890023946762085,5.9604644775390625e-06,2,SELU,115
exponential_decay,Regression,R2,G,0.14920337402820588,0.34925490617752075,-2.1457672119140625e-06,10,SELU,115
exponential_decay,Regression,R2,S,0.193378640294075,0.49202269315719604,-0.034546613693237305,122,SELU,115
exponential_decay,Regression,R2,C,0.2154402686357498,0.4851396679878235,0.0,68,SELU,115
exponential_decay,Regression,R2,ELU,0.19631389713287353,0.4471327066421509,-1.4781951904296875e-05,47,SELU,115
exponential_decay,Regression,R2,SELU,0.18807740664482117,0.4023565649986267,0.0002518296241760254,180,SELU,115
exponential_decay,Regression,R2,T,0.005788742065429687,0.008740544319152832,-2.1219253540039062e-05,0,SELU,115
exponential_decay,Regression,R2,HT,0.005109843492507935,0.008452534675598145,-2.4199485778808594e-05,0,SELU,115
exponential_decay,Regression,R2,ST,0.006122598052024841,0.009525597095489502,-9.5367431640625e-06,0,SELU,115
exponential_decay,Regression,R2,SS,-4.374980926513672e-08,5.960464477539063e-08,-1.7881393432617188e-06,0,SELU,115
exponential_decay,Regression,R2,HS,0.03344260346889496,0.07640677690505981,-0.011655449867248535,2,SELU,115
exponential_decay,Regression,R2,ReLU6,0.008518252253532409,0.013289451599121094,3.933906555175781e-06,0,SELU,115
exponential_decay,Regression,R2,Sw,0.1448713116645813,0.31119489669799805,-6.67572021484375e-06,0,SELU,115
exponential_decay,Regression,R2,LgS,0.11585146379470825,0.2570266127586365,-1.1920928955078125e-07,0,SELU,115
exponential_decay,Regression,R2,Si,0.003929282546043396,0.006653785705566406,-8.106231689453125e-06,0,SELU,115
exponential_decay,Regression,R2,Mish,0.1676071300506592,0.390744149684906,3.415346145629883e-05,0,SELU,115
exponential_decay,Regression,R2,U,-0.0005555136203765869,0.013123393058776855,-2.3091022968292236,0,SELU,115
staircase,Regression,R2,E,0.9825497908592224,0.9902356266975403,-0.13568377494812012,26,HT,29
staircase,Regression,R2,XER,0.9774542837142944,0.9930477738380432,-0.33211398124694824,111,HT,29
staircase,Regression,R2,R,0.9652673746347428,0.99041348695755,-0.039345622062683105,1,HT,29
staircase,Regression,R2,LR,0.9670624434947968,0.9911585450172424,-0.059522390365600586,1,HT,29
staircase,Regression,R2,PR,0.974867105126381,0.9901584386825562,-0.025368213653564453,8,HT,29
staircase,Regression,R2,RR,0.9699250571727752,0.9902690649032593,-0.09108304977416992,0,HT,29
staircase,Regression,R2,G,0.9208006192445755,0.9912328720092773,-0.08724582195281982,0,HT,29
staircase,Regression,R2,S,0.9683644015789032,0.9903325438499451,-0.05914199352264404,1,HT,29
staircase,Regression,R2,C,0.9782269439697265,0.990060031414032,0.07203823328018188,1,HT,29
staircase,Regression,R2,ELU,0.9753090206384659,0.9903215169906616,0.054012835025787354,0,HT,29
staircase,Regression,R2,SELU,0.9800142316818238,0.9911256432533264,-0.15640079975128174,3,HT,29
staircase,Regression,R2,T,0.9499138307571411,0.9906753897666931,-0.0984121561050415,0,HT,29
staircase,Regression,R2,HT,0.9532857310771942,0.9933558702468872,-0.018120527267456055,322,HT,29
staircase,Regression,R2,ST,0.9320099433660507,0.9913978576660156,-0.05947685241699219,0,HT,29
staircase,Regression,R2,SS,-0.0033847362995147704,1.1920928955078125e-07,-0.06231331825256348,0,HT,29
staircase,Regression,R2,HS,0.9824308403730393,0.9913560748100281,-0.08480727672576904,10,HT,29
staircase,Regression,R2,ReLU6,0.9542890905141831,0.9919161200523376,-0.05689191818237305,14,HT,29
staircase,Regression,R2,Sw,0.884446565747261,0.9897902011871338,-0.018185853958129883,0,HT,29
staircase,Regression,R2,LgS,0.8860375856161118,0.9785211682319641,-0.00841665267944336,0,HT,29
staircase,Regression,R2,Si,0.8546960307359696,0.9896090626716614,-0.003221273422241211,0,HT,29
staircase,Regression,R2,Mish,0.9743630948066712,0.990290641784668,0.0025371909141540527,2,HT,29
staircase,Regression,R2,U,-0.286140212059021,0.9400326013565063,-357.86785888671875,0,HT,29
step_sine,Regression,R2,E,0.9575887379646302,0.985709011554718,-0.003305673599243164,1,HT,12
step_sine,Regression,R2,XER,0.9708034716844559,0.987638533115387,-0.06719529628753662,72,HT,12
step_sine,Regression,R2,R,0.8819512318372726,0.9839752316474915,-0.01042032241821289,0,HT,12
step_sine,Regression,R2,LR,0.9324965628385544,0.9857402443885803,-0.02328622341156006,0,HT,12
step_sine,Regression,R2,PR,0.9338523563146591,0.9835864305496216,-0.023663878440856934,0,HT,12
step_sine,Regression,R2,RR,0.9387174354791641,0.9833744168281555,-0.00400388240814209,0,HT,12
step_sine,Regression,R2,G,0.9487053899765014,0.9858148694038391,-0.07212579250335693,0,HT,12
step_sine,Regression,R2,S,0.9387945096492767,0.9846429228782654,-0.0231245756149292,0,HT,12
step_sine,Regression,R2,C,0.9548840919733047,0.9865756630897522,0.009200811386108398,0,HT,12
step_sine,Regression,R2,ELU,0.9546582981348037,0.9862651824951172,0.00539553165435791,0,HT,12
step_sine,Regression,R2,SELU,0.9573254444599152,0.9864130020141602,-0.002020597457885742,0,HT,12
step_sine,Regression,R2,T,0.9467094036340713,0.9865914583206177,-0.00461423397064209,0,HT,12
step_sine,Regression,R2,HT,0.9591379873752593,0.990109920501709,-0.021675825119018555,423,HT,12
step_sine,Regression,R2,ST,0.911614218711853,0.9876191020011902,-0.02652597427368164,2,HT,12
step_sine,Regression,R2,SS,-0.0004573643207550049,5.960464477539063e-08,-0.019677042961120605,0,HT,12
step_sine,Regression,R2,HS,0.8227387845516205,0.9584270715713501,-0.01964437961578369,1,HT,12
step_sine,Regression,R2,ReLU6,0.9260841370820999,0.9875394105911255,-0.0020121335983276367,1,HT,12
step_sine,Regression,R2,Sw,0.8898208570480347,0.9818183779716492,-0.09751486778259277,0,HT,12
step_sine,Regression,R2,LgS,0.9218896633386612,0.9805532693862915,-0.0018329620361328125,0,HT,12
step_sine,Regression,R2,Si,0.21049414217472076,0.237043559551239,-0.0029462575912475586,0,HT,12
step_sine,Regression,R2,Mish,0.9500504658222199,0.9860383868217468,0.0020801424980163574,0,HT,12
step_sine,Regression,R2,U,0.13955116057395936,0.15786778926849365,-1.0498113632202148,0,HT,12
step_quadratic,Regression,R2,E,0.9582577764987945,0.9948853850364685,-0.8370236158370972,24,XER,21
step_quadratic,Regression,R2,XER,0.9347852091789246,0.9956606030464172,-1.8946516513824463,461,XER,21
step_quadratic,Regression,R2,R,0.883205843448639,0.9946189522743225,-0.8627955913543701,0,XER,21
step_quadratic,Regression,R2,LR,0.8605297389030456,0.9942991137504578,-1.3130161762237549,0,XER,21
step_quadratic,Regression,R2,PR,0.9305178035497665,0.9946877360343933,-1.0508146286010742,1,XER,21
step_quadratic,Regression,R2,RR,0.9187731779813767,0.9925404191017151,-1.1932721138000488,1,XER,21
step_quadratic,Regression,R2,G,0.924852872133255,0.9949638843536377,-1.033400535583496,12,XER,21
step_quadratic,Regression,R2,S,0.9246917427778244,0.9945769309997559,-1.1451606750488281,0,XER,21
step_quadratic,Regression,R2,C,0.934348522901535,0.9947734475135803,-1.1366028785705566,0,XER,21
step_quadratic,Regression,R2,ELU,0.6922528893947602,0.9894588589668274,-1.210129737854004,0,XER,21
step_quadratic,Regression,R2,SELU,0.9129558185338974,0.9942478537559509,-0.9835115671157837,0,XER,21
step_quadratic,Regression,R2,T,-0.02206459140777588,-6.794929504394531e-06,-1.0446205139160156,0,XER,21
step_quadratic,Regression,R2,HT,-0.02907974576950073,1.1920928955078125e-07,-1.095163106918335,0,XER,21
step_quadratic,Regression,R2,ST,0.28076237738132476,0.9800080060958862,-1.2211639881134033,0,XER,21
step_quadratic,Regression,R2,SS,-0.21192187809944152,-0.006525278091430664,-0.8107659816741943,0,XER,21
step_quadratic,Regression,R2,HS,0.7736336559057235,0.9870309233665466,-1.197779893875122,0,XER,21
step_quadratic,Regression,R2,ReLU6,0.9216301712989807,0.9954482316970825,-1.0197103023529053,0,XER,21
step_quadratic,Regression,R2,Sw,0.8900893037319183,0.9945550560951233,-0.9544847011566162,0,XER,21
step_quadratic,Regression,R2,LgS,0.9014464803934097,0.9944887161254883,-0.7858555316925049,1,XER,21
step_quadratic,Regression,R2,Si,-0.0871793771982193,2.7477741241455078e-05,-1.2712335586547852,0,XER,21
step_quadratic,Regression,R2,Mish,0.9344202638864517,0.994608461856842,-0.9907639026641846,0,XER,21
step_quadratic,Regression,R2,U,-254139.0601849165,-0.1836012601852417,-127069120.0,0,XER,21
random_steps,Regression,R2,E,0.9375845392942429,0.9831228852272034,-2.2723453044891357,1,XER,49
random_steps,Regression,R2,XER,0.9639536603689194,0.9931634068489075,-1.7857675552368164,334,XER,49
random_steps,Regression,R2,R,0.014625194430351257,0.7913039922714233,-2.0559754371643066,0,XER,49
random_steps,Regression,R2,LR,0.5375501581430435,0.9700956344604492,-3.6540274620056152,0,XER,49
random_steps,Regression,R2,PR,0.8593982243537903,0.9736862778663635,-3.789729595184326,0,XER,49
random_steps,Regression,R2,RR,0.8915238853693008,0.9706559777259827,-2.726505756378174,0,XER,49
random_steps,Regression,R2,G,0.8898479708433151,0.9860263466835022,-2.138230323791504,0,XER,49
random_steps,Regression,R2,S,0.8338996334075928,0.9829334020614624,-2.9437201023101807,0,XER,49
random_steps,Regression,R2,C,0.9159539933204651,0.9750699400901794,-3.095555305480957,0,XER,49
random_steps,Regression,R2,ELU,0.9140678609609604,0.97178715467453,-2.427549123764038,0,XER,49
random_steps,Regression,R2,SELU,0.9444874966144562,0.9825676083564758,-1.7457313537597656,3,XER,49
random_steps,Regression,R2,T,0.8029584916830063,0.9883502721786499,-2.418774366378784,11,XER,49
random_steps,Regression,R2,HT,-0.11211983394622803,1.1920928955078125e-07,-4.056878089904785,0,XER,49
random_steps,Regression,R2,ST,0.7258007978200912,0.9790363907814026,-2.7625277042388916,0,XER,49
random_steps,Regression,R2,SS,0.7961408369541169,0.9858077764511108,-2.7937967777252197,149,XER,49
random_steps,Regression,R2,HS,0.8315112788677216,0.9773589968681335,-4.039473533630371,0,XER,49
random_steps,Regression,R2,ReLU6,0.8323901370763779,0.9782781004905701,-2.4175398349761963,0,XER,49
random_steps,Regression,R2,Sw,0.9178858590126038,0.9719536304473877,-1.803626298904419,0,XER,49
random_steps,Regression,R2,LgS,0.9128862462043762,0.9727754592895508,-1.5645885467529297,1,XER,49
random_steps,Regression,R2,Si,0.44315144860744476,0.9716914296150208,-2.550973653793335,0,XER,49
random_steps,Regression,R2,Mish,0.9052544003725052,0.9876794219017029,-2.083158493041992,1,XER,49
random_steps,Regression,R2,U,-19181955188.99489,-2.0972354412078857,-9590977593344.0,0,XER,49
prime,Classification,F1,E,0.45551125731648723,0.5478310018369366,0.16317991631799164,32,LgS,104
prime,Classification,F1,XER,0.47207013742559295,0.5390180170928468,0.16317991631799164,0,LgS,104
prime,Classification,F1,R,0.4665482354451833,0.5231243576567317,0.16317991631799164,0,LgS,104
prime,Classification,F1,LR,0.4444696195230073,0.44598337950138506,0.1743349345062407,0,LgS,104
prime,Classification,F1,PR,0.45595371854739064,0.5496296296296297,0.16317991631799164,29,LgS,104
prime,Classification,F1,RR,0.4453574003810958,0.511183528366168,0.24454901960784314,0,LgS,104
prime,Classification,F1,G,0.46776996604024795,0.48488126513161284,0.16317991631799164,35,LgS,104
prime,Classification,F1,S,0.4741338649435654,0.5464103665048277,0.16317991631799164,48,LgS,104
prime,Classification,F1,C,0.4756506025185623,0.4958915158542118,0.44598337950138506,47,LgS,104
prime,Classification,F1,ELU,0.478546034997575,0.4958915158542118,0.285,5,LgS,104
prime,Classification,F1,SELU,0.47680305519903265,0.49454642192072357,0.1776104443473568,53,LgS,104
prime,Classification,F1,T,0.46136735837624304,0.48366057476730756,0.16317991631799164,0,LgS,104
prime,Classification,F1,HT,0.470550302905011,0.48366057476730756,0.44598337950138506,4,LgS,104
prime,Classification,F1,ST,0.47424165394901546,0.4824486229436575,0.44521497919556174,0,LgS,104
prime,Classification,F1,SS,0.44999314583374517,0.5248639849833556,0.16317991631799164,0,LgS,104
prime,Classification,F1,HS,0.4434574578340507,0.4561717352415027,0.1630769230769231,0,LgS,104
prime,Classification,F1,ReLU6,0.4784003938080415,0.4958915158542118,0.44521497919556174,7,LgS,104
prime,Classification,F1,Sw,0.47124471809220303,0.49454642192072357,0.44521497919556174,5,LgS,104
prime,Classification,F1,LgS,0.47837737003649927,0.54926755978465,0.16317991631799164,232,LgS,104
prime,Classification,F1,Si,0.44598337950138506,0.44598337950138506,0.44598337950138506,0,LgS,104
prime,Classification,F1,Mish,0.4789049947707094,0.48488126513161284,0.35408401993693417,2,LgS,104
prime,Classification,F1,U,0.44618585157440316,0.5472194160104189,0.44598337950138506,1,LgS,104
moon,Classification,F1,E,0.9676638100337333,0.9949998749968749,0.3185689948892675,126,XER,224
moon,Classification,F1,XER,0.9757346376649049,1.0,0.7303052757361531,127,XER,224
moon,Classification,F1,R,0.955088801572779,0.987499296835447,0.3333333333333333,0,XER,224
moon,Classification,F1,LR,0.9433156076590102,0.992499953124707,0.3333333333333333,43,XER,224
moon,Classification,F1,PR,0.9504620421242486,0.9799994999874997,0.3333333333333333,0,XER,224
moon,Classification,F1,RR,0.9538218475239387,0.9849996249906248,0.3333333333333333,2,XER,224
moon,Classification,F1,G,0.9583246835457874,0.9899989998999901,0.3333333333333333,81,XER,224
moon,Classification,F1,S,0.9450788077967203,0.987499296835447,0.3333333333333333,0,XER,224
moon,Classification,F1,C,0.9519329396954735,0.9824972651976871,0.3333333333333333,1,XER,224
moon,Classification,F1,ELU,0.9479272225581397,0.9824972651976871,0.3333333333333333,0,XER,224
moon,Classification,F1,SELU,0.9611708297439399,0.9824998906243163,0.3333333333333333,2,XER,224
moon,Classification,F1,T,0.9591738679369873,0.99,0.3333333333333333,3,XER,224
moon,Classification,F1,HT,0.9588639140647504,0.9849996249906248,0.3333333333333333,14,XER,224
moon,Classification,F1,ST,0.9542093450075417,0.9824998906243163,0.3333333333333333,29,XER,224
moon,Classification,F1,SS,0.33333333333333326,0.3333333333333333,0.3333333333333333,0,XER,224
moon,Classification,F1,HS,0.9483895000880629,0.9849996249906248,0.3333333333333333,0,XER,224
moon,Classification,F1,ReLU6,0.9616032228548069,0.9774998593741211,0.3333333333333333,4,XER,224
moon,Classification,F1,Sw,0.8736723554514723,0.9045969219954307,0.3333333333333333,0,XER,224
moon,Classification,F1,LgS,0.8995195055410045,0.98,0.3333333333333333,0,XER,224
moon,Classification,F1,Si,0.9068018870949015,0.9824990155696258,0.3333333333333333,0,XER,224
moon,Classification,F1,Mish,0.9621128318639744,0.995,0.3333333333333333,68,XER,224
moon,Classification,F1,U,0.3420140177252342,0.7798018216394755,0.3333333333333333,0,XER,224
circle,Classification,F1,E,0.9855045272455772,1.0,0.3333333333333333,459,E,28
circle,Classification,F1,XER,0.9808484877274806,1.0,0.3333333333333333,3,E,28
circle,Classification,F1,R,0.9850262535662601,1.0,0.3333333333333333,10,E,28
circle,Classification,F1,LR,0.9872159183710454,1.0,0.3333333333333333,8,E,28
circle,Classification,F1,PR,0.9767610787579297,1.0,0.3333333333333333,5,E,28
circle,Classification,F1,RR,0.9799402968613351,1.0,0.3333333333333333,0,E,28
circle,Classification,F1,G,0.9784699720637744,1.0,0.3333333333333333,2,E,28
circle,Classification,F1,S,0.9801740509480082,1.0,0.3333333333333333,3,E,28
circle,Classification,F1,C,0.9848485058248809,1.0,0.30635006296096423,1,E,28
circle,Classification,F1,ELU,0.9818536265469389,1.0,0.3333333333333333,0,E,28
circle,Classification,F1,SELU,0.9807792772017556,1.0,0.3333333333333333,0,E,28
circle,Classification,F1,T,0.9693427629426247,1.0,0.3333333333333333,0,E,28
circle,Classification,F1,HT,0.9881435419000124,1.0,0.3311036789297659,6,E,28
circle,Classification,F1,ST,0.9847382814898883,1.0,0.5279146141215106,3,E,28
circle,Classification,F1,SS,0.33333333333333326,0.3333333333333333,0.3333333333333333,0,E,28
circle,Classification,F1,HS,0.33333333333333326,0.3333333333333333,0.3333333333333333,0,E,28
circle,Classification,F1,ReLU6,0.9850109309460303,1.0,0.3333333333333333,0,E,28
circle,Classification,F1,Sw,0.9496458237776045,1.0,0.3019197207678883,0,E,28
circle,Classification,F1,LgS,0.8789841204793074,1.0,0.3333333333333333,0,E,28
circle,Classification,F1,Si,0.858831934382556,1.0,0.3333333333333333,0,E,28
circle,Classification,F1,Mish,0.9723299485246069,1.0,0.30675909878682844,0,E,28
circle,Classification,F1,U,0.3333662400673317,0.34978670033253295,0.3333333333333333,0,E,28
xor,Classification,F1,E,0.9894611427355346,1.0,0.33554817275747506,468,E,33
xor,Classification,F1,XER,0.979091281501793,1.0,0.3311036789297659,1,E,33
xor,Classification,F1,R,0.9886559070514613,1.0,0.3311036789297659,9,E,33
xor,Classification,F1,LR,0.9790384158496804,1.0,0.33554817275747506,2,E,33
xor,Classification,F1,PR,0.9871654724563032,1.0,0.33554817275747506,7,E,33
xor,Classification,F1,RR,0.9696292886391439,1.0,0.3311036789297659,1,E,33
xor,Classification,F1,G,0.9640156062093211,1.0,0.3311036789297659,0,E,33
xor,Classification,F1,S,0.9686421200316845,1.0,0.3311036789297659,0,E,33
xor,Classification,F1,C,0.9793945741943557,1.0,0.3311036789297659,0,E,33
xor,Classification,F1,ELU,0.9795626296440928,1.0,0.33554817275747506,0,E,33
xor,Classification,F1,SELU,0.9901829419025235,1.0,0.3311036789297659,6,E,33
xor,Classification,F1,T,0.9844913966700575,1.0,0.33554817275747506,0,E,33
xor,Classification,F1,HT,0.9777327092829919,1.0,0.3311036789297659,0,E,33
xor,Classification,F1,ST,0.9793017651910377,1.0,0.33554817275747506,0,E,33
xor,Classification,F1,SS,0.3353615040167114,0.33554817275747506,0.3311036789297659,0,E,33
xor,Classification,F1,HS,0.3355126168068534,0.33554817275747506,0.3311036789297659,0,E,33
xor,Classification,F1,ReLU6,0.9843898511296286,1.0,0.33554817275747506,6,E,33
xor,Classification,F1,Sw,0.9576976976798248,1.0,0.3311036789297659,0,E,33
xor,Classification,F1,LgS,0.9635424927730015,1.0,0.3311036789297659,0,E,33
xor,Classification,F1,Si,0.8654455204360786,1.0,0.3311036789297659,0,E,33
xor,Classification,F1,Mish,0.9808465228492486,1.0,0.33554817275747506,0,E,33
xor,Classification,F1,U,0.3360151046658907,0.45212878831722514,0.3311036789297659,0,E,33
blobs,Classification,F1,E,0.023546755759055123,0.0967741935483871,0.0012468827930174563,0,T,29
blobs,Classification,F1,XER,0.1335889247866714,0.2101402856959836,0.0024875621890547263,0,T,29
blobs,Classification,F1,R,0.1,0.1,0.1,0,T,29
blobs,Classification,F1,LR,0.13694250096061888,0.37406950211349266,0.07247938530734634,34,T,29
blobs,Classification,F1,PR,0.0061532703725859506,0.10041407867494824,0.0012468827930174563,0,T,29
blobs,Classification,F1,RR,0.02747074377365335,0.08928571428571429,0.0012468827930174563,0,T,29
blobs,Classification,F1,G,0.10598980467688565,0.3267518389469609,0.07084224160801511,1,T,29
blobs,Classification,F1,S,0.1,0.1,0.1,0,T,29
blobs,Classification,F1,C,0.04570898998507524,0.13404825737265416,0.0,1,T,29
blobs,Classification,F1,ELU,0.05799751846152612,0.10478771454381211,0.0012468827930174563,0,T,29
blobs,Classification,F1,SELU,0.21813474510440534,0.30113636363636365,0.008682023981292602,0,T,29
blobs,Classification,F1,T,0.3601666655819585,0.375,0.0,429,T,29
blobs,Classification,F1,HT,0.3622720893267235,0.375,0.0012468827930174563,7,T,29
blobs,Classification,F1,ST,0.3528332182090236,0.375,0.0,28,T,29
blobs,Classification,F1,SS,0.010396204613965324,0.23473666196038162,0.0012468827930174563,0,T,29
blobs,Classification,F1,HS,0.008517709553725213,0.14084507042253522,0.0012468827930174563,0,T,29
blobs,Classification,F1,ReLU6,0.36200541095537386,0.375,0.09387755102040816,0,T,29
blobs,Classification,F1,Sw,0.1,0.1,0.1,0,T,29
blobs,Classification,F1,LgS,0.1,0.1,0.1,0,T,29
blobs,Classification,F1,Si,0.1,0.1,0.1,0,T,29
blobs,Classification,F1,Mish,0.09939964957889702,0.11737089201877934,0.0,0,T,29
blobs,Classification,F1,U,0.10000080321285142,0.10040160642570281,0.1,0,T,29
checkerboard,Classification,F1,E,0.9549866644212274,0.9899959983993598,0.2773387091148794,20,ReLU6,218
checkerboard,Classification,F1,XER,0.956160027453459,0.9874867829144534,0.33884297520661155,8,ReLU6,218
checkerboard,Classification,F1,R,0.9543683384514045,0.9799874921826142,0.33884297520661155,15,ReLU6,218
checkerboard,Classification,F1,LR,0.9525157542228089,0.9849906191369606,0.33884297520661155,2,ReLU6,218
checkerboard,Classification,F1,PR,0.9634838031316938,0.9949979991996799,0.3277310924369748,161,ReLU6,218
checkerboard,Classification,F1,RR,0.9392397624110669,0.9699879951980792,0.3277310924369748,0,ReLU6,218
checkerboard,Classification,F1,G,0.9413090478941597,0.9924962012018584,0.3277310924369748,33,ReLU6,218
checkerboard,Classification,F1,S,0.9344073429531828,0.9699812382739212,0.3277310924369748,1,ReLU6,218
checkerboard,Classification,F1,C,0.9312177633143449,0.9774886036055753,0.33884297520661155,0,ReLU6,218
checkerboard,Classification,F1,ELU,0.95360567374229,0.9749899959983994,0.32896044523951495,0,ReLU6,218
checkerboard,Classification,F1,SELU,0.9563432135769714,0.9799919967987194,0.33884297520661155,9,ReLU6,218
checkerboard,Classification,F1,T,0.9555092812947912,0.9824867556089293,0.3277310924369748,34,ReLU6,218
checkerboard,Classification,F1,HT,0.9511093023912404,0.9774886036055753,0.33884297520661155,3,ReLU6,218
checkerboard,Classification,F1,ST,0.952404851649648,0.9774683148177123,0.3277310924369748,13,ReLU6,218
checkerboard,Classification,F1,SS,0.33846517119244396,0.33884297520661155,0.3277310924369748,0,ReLU6,218
checkerboard,Classification,F1,HS,0.3384207236613654,0.33884297520661155,0.3277310924369748,0,ReLU6,218
checkerboard,Classification,F1,ReLU6,0.9546074591229919,0.9874961707022776,0.33884297520661155,199,ReLU6,218
checkerboard,Classification,F1,Sw,0.913484892130246,0.9524854486686547,0.3277310924369748,0,ReLU6,218
checkerboard,Classification,F1,LgS,0.8738335693398082,0.9573825356137855,0.3277310924369748,0,ReLU6,218
checkerboard,Classification,F1,Si,0.849295811141137,0.9549278846153846,0.28055016751895606,0,ReLU6,218
checkerboard,Classification,F1,Mish,0.947134481961106,0.9849939975990396,0.33884297520661155,2,ReLU6,218
checkerboard,Classification,F1,U,0.7181154824586546,0.8084484323016433,0.3121064939737363,0,ReLU6,218
gaussian_quantiles,Classification,F1,E,0.10021498035935514,0.20688655794718597,0.1,3,ReLU6,10
gaussian_quantiles,Classification,F1,XER,0.1,0.1,0.1,0,ReLU6,10
gaussian_quantiles,Classification,F1,R,0.099984283585486,0.10020040080160321,0.09194139194139193,0,ReLU6,10
gaussian_quantiles,Classification,F1,LR,0.1,0.1,0.1,0,ReLU6,10
gaussian_quantiles,Classification,F1,PR,0.10284743822622856,0.10460251046025104,0.1,0,ReLU6,10
gaussian_quantiles,Classification,F1,RR,0.1,0.1,0.1,0,ReLU6,10
gaussian_quantiles,Classification,F1,G,0.1,0.1,0.1,0,ReLU6,10
gaussian_quantiles,Classification,F1,S,0.10000618556701031,0.10309278350515463,0.1,0,ReLU6,10
gaussian_quantiles,Classification,F1,C,0.10014336374497665,0.1708754208754209,0.1,2,ReLU6,10
gaussian_quantiles,Classification,F1,ELU,0.10000533880903492,0.1026694045174538,0.1,1,ReLU6,10
gaussian_quantiles,Classification,F1,SELU,0.1000004008016032,0.10020040080160321,0.1,0,ReLU6,10
gaussian_quantiles,Classification,F1,T,0.1000044989775051,0.10224948875255624,0.1,0,ReLU6,10
gaussian_quantiles,Classification,F1,HT,0.1,0.1,0.1,0,ReLU6,10
gaussian_quantiles,Classification,F1,ST,0.10000408163265306,0.10204081632653061,0.1,1,ReLU6,10
gaussian_quantiles,Classification,F1,SS,0.1,0.1,0.1,0,ReLU6,10
gaussian_quantiles,Classification,F1,HS,0.10078465019636687,0.10438413361169102,0.1,100,ReLU6,10
gaussian_quantiles,Classification,F1,ReLU6,0.27885349935060516,0.375,0.1,308,ReLU6,10
gaussian_quantiles,Classification,F1,Sw,0.1,0.1,0.1,0,ReLU6,10
gaussian_quantiles,Classification,F1,LgS,0.10000920502092052,0.10460251046025104,0.1,1,ReLU6,10
gaussian_quantiles,Classification,F1,Si,0.1,0.1,0.1,0,ReLU6,10
gaussian_quantiles,Classification,F1,Mish,0.3134907049803641,0.375,0.1,84,ReLU6,10
gaussian_quantiles,Classification,F1,U,0.1000004008016032,0.10020040080160321,0.1,0,ReLU6,10
spiral,Classification,F1,E,0.9655845699510752,1.0,0.4238542122729205,402,E,34
spiral,Classification,F1,XER,0.9867328822956597,1.0,0.3333333333333333,65,E,34
spiral,Classification,F1,R,0.9674079128489703,1.0,0.3333333333333333,1,E,34
spiral,Classification,F1,LR,0.953718347131407,1.0,0.3333333333333333,0,E,34
spiral,Classification,F1,PR,0.9496572140313112,1.0,0.3333333333333333,0,E,34
spiral,Classification,F1,RR,0.9596627533390083,1.0,0.3333333333333333,0,E,34
spiral,Classification,F1,G,0.9784249613817684,1.0,0.3333333333333333,0,E,34
spiral,Classification,F1,S,0.9839977595721792,1.0,0.3333333333333333,3,E,34
spiral,Classification,F1,C,0.980652636445474,1.0,0.3333333333333333,0,E,34
spiral,Classification,F1,ELU,0.9868904662689564,1.0,0.3333333333333333,3,E,34
spiral,Classification,F1,SELU,0.9900712927631987,1.0,0.5572758709096479,18,E,34
spiral,Classification,F1,T,0.9545714556657444,0.9974999843749024,0.3333333333333333,0,E,34
spiral,Classification,F1,HT,0.9609122259095914,0.9849966242404541,0.3333333333333333,0,E,34
spiral,Classification,F1,ST,0.9662462752109443,1.0,0.3333333333333333,0,E,34
spiral,Classification,F1,SS,0.9580482513917553,0.9974999843749024,0.3333333333333333,2,E,34
spiral,Classification,F1,HS,0.7492653765895252,0.795,0.6674979218620116,2,E,34
spiral,Classification,F1,ReLU6,0.9812354877211245,1.0,0.3333333333333333,2,E,34
spiral,Classification,F1,Sw,0.9504330720230741,1.0,0.3333333333333333,0,E,34
spiral,Classification,F1,LgS,0.9648704373680614,1.0,0.3333333333333333,0,E,34
spiral,Classification,F1,Si,0.9181699928967673,0.9974999843749024,0.3333333333333333,0,E,34
spiral,Classification,F1,Mish,0.9784389638274467,1.0,0.3333333333333333,2,E,34
spiral,Classification,F1,U,0.33483829166874146,0.6536796536796536,0.3333333333333333,0,E,34
anisotropic,Classification,F1,E,0.27160163184487607,0.5091670663469224,0.15186615186615185,0,G,261
anisotropic,Classification,F1,XER,0.23940909631671278,0.5169669143633335,0.16352201257861634,0,G,261
anisotropic,Classification,F1,R,0.5185246447028724,0.5555555555555555,0.16635397123202,53,G,261
anisotropic,Classification,F1,LR,0.2834890415986154,0.5555555555555555,0.16635397123202,26,G,261
anisotropic,Classification,F1,PR,0.35925812928530854,0.5555555555555555,0.16729088639200998,2,G,261
anisotropic,Classification,F1,RR,0.49860237148579406,0.5519409496309352,0.16635397123202,0,G,261
anisotropic,Classification,F1,G,0.5358981141143642,0.5555555555555555,0.16635397123202,144,G,261
anisotropic,Classification,F1,S,0.5408501536185636,0.5555555555555555,0.16635397123202,141,G,261
anisotropic,Classification,F1,C,0.517003511897775,0.5555555555555555,0.16729088639200998,17,G,261
anisotropic,Classification,F1,ELU,0.5483423322558441,0.5555555555555555,0.16635397123202,104,G,261
anisotropic,Classification,F1,SELU,0.23808604387853746,0.2893880863892398,0.1993006993006993,2,G,261
anisotropic,Classification,F1,T,0.5485401815556696,0.5555555555555555,0.16729088639200998,10,G,261
anisotropic,Classification,F1,HT,0.5496793401207447,0.5555555555555555,0.16635397123202,0,G,261
anisotropic,Classification,F1,ST,0.5435646503601435,0.5555555555555555,0.16635397123202,0,G,261
anisotropic,Classification,F1,SS,0.166449536578339,0.16729088639200998,0.16635397123202,0,G,261
anisotropic,Classification,F1,HS,0.4766362837535713,0.5484985152881832,0.16729088639200998,1,G,261
anisotropic,Classification,F1,ReLU6,0.5416881538627146,0.5555555555555555,0.16635397123202,0,G,261
anisotropic,Classification,F1,Sw,0.16659377234564385,0.28531761288393354,0.16635397123202,0,G,261
anisotropic,Classification,F1,LgS,0.16638207868681973,0.16729088639200998,0.16635397123202,0,G,261
anisotropic,Classification,F1,Si,0.3873537786661143,0.5555555555555555,0.16635397123202,0,G,261
anisotropic,Classification,F1,Mish,0.5460120373492644,0.5555555555555555,0.16729088639200998,0,G,261
anisotropic,Classification,F1,U,0.16817327303791416,0.4151690327316581,0.16635397123202,0,G,261
linear,Classification,F1,E,0.9181459321156544,0.975,0.3333333333333333,167,E,199
linear,Classification,F1,XER,0.9185747930755201,0.9499949994999499,0.36594275782714697,134,E,199
linear,Classification,F1,R,0.9047030704412302,0.9424392014064855,0.3333333333333333,6,E,199
linear,Classification,F1,LR,0.8875750656817655,0.9224607457525372,0.3333333333333333,0,E,199
linear,Classification,F1,PR,0.911467360372363,0.9649964996499649,0.3333333333333333,37,E,199
linear,Classification,F1,RR,0.8955944426744252,0.9349739895958383,0.3333333333333333,1,E,199
linear,Classification,F1,G,0.9060642471129894,0.9549819927971188,0.3333333333333333,52,E,199
linear,Classification,F1,S,0.8949072386821306,0.9173134384454926,0.3333333333333333,1,E,199
linear,Classification,F1,C,0.8929804023043364,0.9247290244881574,0.3333333333333333,3,E,199
linear,Classification,F1,ELU,0.906128996955279,0.9299929992999301,0.8649966249156229,4,E,199
linear,Classification,F1,SELU,0.8987860986822018,0.9274995468721678,0.8455451811995569,8,E,199
linear,Classification,F1,T,0.9019218310040119,0.924992499249925,0.3333333333333333,0,E,199
linear,Classification,F1,HT,0.9156504824524353,0.9449779911964786,0.3333333333333333,79,E,199
linear,Classification,F1,ST,0.8906989739365077,0.9174953591139501,0.3333333333333333,1,E,199
linear,Classification,F1,SS,0.33333333333333326,0.3333333333333333,0.3333333333333333,0,E,199
linear,Classification,F1,HS,0.33333333333333326,0.3333333333333333,0.3333333333333333,0,E,199
linear,Classification,F1,ReLU6,0.9072251581977635,0.9424967654430562,0.3333333333333333,7,E,199
linear,Classification,F1,Sw,0.8821937751244187,0.9074021935669551,0.3333333333333333,0,E,199
linear,Classification,F1,LgS,0.8774775981785679,0.9248798076923077,0.3333333333333333,0,E,199
linear,Classification,F1,Si,0.8800901651629979,0.9149468417761101,0.3333333333333333,0,E,199
linear,Classification,F1,Mish,0.894438166328044,0.9499799919967987,0.3333333333333333,0,E,199
linear,Classification,F1,U,0.3366374522616297,0.7590283400809716,0.3333333333333333,0,E,199
swiss_roll,Classification,F1,E,0.9808263240319104,1.0,0.26025974025974025,435,E,42
swiss_roll,Classification,F1,XER,0.998353854904429,1.0,0.6065964885563995,44,E,42
swiss_roll,Classification,F1,R,0.9784220116069127,1.0,0.44471347861178373,0,E,42
swiss_roll,Classification,F1,LR,0.977638357515726,1.0,0.32318104906937395,2,E,42
swiss_roll,Classification,F1,PR,0.9747357593264364,1.0,0.34318555008210183,2,E,42
swiss_roll,Classification,F1,RR,0.9766627968904147,1.0,0.43771154056119665,2,E,42
swiss_roll,Classification,F1,G,0.9843898695310831,1.0,0.32318104906937395,3,E,42
swiss_roll,Classification,F1,S,0.9847612550098304,1.0,0.34318555008210183,5,E,42
swiss_roll,Classification,F1,C,0.988472750753408,1.0,0.32318104906937395,1,E,42
swiss_roll,Classification,F1,ELU,0.9897295290815045,1.0,0.32318104906937395,2,E,42
swiss_roll,Classification,F1,SELU,0.9908759329428246,1.0,0.28825622775800713,2,E,42
swiss_roll,Classification,F1,T,0.9745534094063073,1.0,0.32318104906937395,0,E,42
swiss_roll,Classification,F1,HT,0.9819578060352935,1.0,0.32318104906937395,0,E,42
swiss_roll,Classification,F1,ST,0.9737320727823277,1.0,0.32318104906937395,0,E,42
swiss_roll,Classification,F1,SS,0.9818714404789557,1.0,0.6231315729164014,1,E,42
swiss_roll,Classification,F1,HS,0.710059807753707,0.8385428492141578,0.358184808154515,0,E,42
swiss_roll,Classification,F1,ReLU6,0.9895750237702534,1.0,0.6027655562539284,1,E,42
swiss_roll,Classification,F1,Sw,0.9701970740117709,1.0,0.32088285229202035,0,E,42
swiss_roll,Classification,F1,LgS,0.9776330678523306,1.0,0.32318104906937395,0,E,42
swiss_roll,Classification,F1,Si,0.8693498915055672,1.0,0.32318104906937395,0,E,42
swiss_roll,Classification,F1,Mish,0.9874976263433071,1.0,0.32318104906937395,0,E,42
swiss_roll,Classification,F1,U,0.32381889880025266,0.34318555008210183,0.3220338983050847,0,E,42
